{
    "name": "root",
    "gauges": {
        "AmrAgent.Policy.Entropy.mean": {
            "value": 0.548955500125885,
            "min": 0.5223313570022583,
            "max": 1.5789843797683716,
            "count": 20
        },
        "AmrAgent.Policy.Entropy.sum": {
            "value": 10750.744140625,
            "min": 10266.9453125,
            "max": 32741.8203125,
            "count": 20
        },
        "AmrAgent.Environment.LessonNumber.HospitalSize.mean": {
            "value": 0.0,
            "min": 0.0,
            "max": 0.0,
            "count": 20
        },
        "AmrAgent.Environment.LessonNumber.HospitalSize.sum": {
            "value": 0.0,
            "min": 0.0,
            "max": 0.0,
            "count": 20
        },
        "AmrAgent.Step.mean": {
            "value": 399954.0,
            "min": 19968.0,
            "max": 399954.0,
            "count": 20
        },
        "AmrAgent.Step.sum": {
            "value": 399954.0,
            "min": 19968.0,
            "max": 399954.0,
            "count": 20
        },
        "AmrAgent.Policy.ExtrinsicBaselineEstimate.mean": {
            "value": -0.020063644275069237,
            "min": -0.02009214647114277,
            "max": 0.04805874079465866,
            "count": 20
        },
        "AmrAgent.Policy.ExtrinsicBaselineEstimate.sum": {
            "value": -3.1299285888671875,
            "min": -3.299267530441284,
            "max": 7.49716329574585,
            "count": 20
        },
        "AmrAgent.Policy.ExtrinsicValueEstimate.mean": {
            "value": -0.020063644275069237,
            "min": -0.02009214647114277,
            "max": 0.04805874079465866,
            "count": 20
        },
        "AmrAgent.Policy.ExtrinsicValueEstimate.sum": {
            "value": -3.1299285888671875,
            "min": -3.299267530441284,
            "max": 7.49716329574585,
            "count": 20
        },
        "AmrAgent.Losses.PolicyLoss.mean": {
            "value": 0.06868384830431376,
            "min": 0.06651121555262728,
            "max": 0.07438618317246437,
            "count": 20
        },
        "AmrAgent.Losses.PolicyLoss.sum": {
            "value": 0.6181546347388238,
            "min": 0.5320897244210182,
            "max": 0.6636849864972411,
            "count": 20
        },
        "AmrAgent.Losses.ValueLoss.mean": {
            "value": 2.140124827183153e-09,
            "min": 6.21736325318858e-14,
            "max": 9.53125648159309e-05,
            "count": 20
        },
        "AmrAgent.Losses.ValueLoss.sum": {
            "value": 1.9261123444648376e-08,
            "min": 5.595626927869722e-13,
            "max": 0.0007625005185274472,
            "count": 20
        },
        "AmrAgent.Losses.BaselineLoss.mean": {
            "value": 2.140124827183153e-09,
            "min": 6.21736325318858e-14,
            "max": 9.531256804968983e-05,
            "count": 20
        },
        "AmrAgent.Losses.BaselineLoss.sum": {
            "value": 1.9261123444648376e-08,
            "min": 5.595626927869722e-13,
            "max": 0.0007625005443975186,
            "count": 20
        },
        "AmrAgent.Policy.LearningRate.mean": {
            "value": 0.00029415045194985,
            "min": 0.00029415045194985,
            "max": 0.0002998444800518399,
            "count": 20
        },
        "AmrAgent.Policy.LearningRate.sum": {
            "value": 0.00264735406754865,
            "min": 0.0023555536948154394,
            "max": 0.00269595648134784,
            "count": 20
        },
        "AmrAgent.Policy.Epsilon.mean": {
            "value": 0.19805015,
            "min": 0.19805015,
            "max": 0.19994816000000004,
            "count": 20
        },
        "AmrAgent.Policy.Epsilon.sum": {
            "value": 1.78245135,
            "min": 1.58518456,
            "max": 1.79865216,
            "count": 20
        },
        "AmrAgent.Policy.Beta.mean": {
            "value": 0.004902702485,
            "min": 0.004902702485,
            "max": 0.004997413184,
            "count": 20
        },
        "AmrAgent.Policy.Beta.sum": {
            "value": 0.044124322365,
            "min": 0.039260709544,
            "max": 0.044932742784,
            "count": 20
        },
        "AmrAgent.IsTraining.mean": {
            "value": 1.0,
            "min": 1.0,
            "max": 1.0,
            "count": 20
        },
        "AmrAgent.IsTraining.sum": {
            "value": 1.0,
            "min": 1.0,
            "max": 1.0,
            "count": 20
        },
        "AmrAgent.Environment.EpisodeLength.mean": {
            "value": 4999.0,
            "min": 4999.0,
            "max": 5000.0,
            "count": 8
        },
        "AmrAgent.Environment.EpisodeLength.sum": {
            "value": 44991.0,
            "min": 44991.0,
            "max": 45000.0,
            "count": 8
        },
        "AmrAgent.Environment.CumulativeReward.mean": {
            "value": -0.9999197567813098,
            "min": -1.0000797568354756,
            "max": -0.9999197567813098,
            "count": 10
        },
        "AmrAgent.Environment.CumulativeReward.sum": {
            "value": -2.9997592703439295,
            "min": -9.00071781151928,
            "max": -1.9998395135626197,
            "count": 10
        },
        "AmrAgent.Policy.ExtrinsicReward.mean": {
            "value": -0.9999197567813098,
            "min": -1.0000797568354756,
            "max": -0.9999197567813098,
            "count": 10
        },
        "AmrAgent.Policy.ExtrinsicReward.sum": {
            "value": -2.9997592703439295,
            "min": -9.00071781151928,
            "max": -1.9998395135626197,
            "count": 10
        },
        "AmrAgent.Environment.GroupCumulativeReward.mean": {
            "value": 0.0,
            "min": 0.0,
            "max": 0.0,
            "count": 10
        },
        "AmrAgent.Environment.GroupCumulativeReward.sum": {
            "value": 0.0,
            "min": 0.0,
            "max": 0.0,
            "count": 10
        }
    },
    "metadata": {
        "timer_format_version": "0.1.0",
        "start_time_seconds": "1715681605",
        "python_version": "3.10.12 | packaged by Anaconda, Inc. | (main, Jul  5 2023, 19:01:18) [MSC v.1916 64 bit (AMD64)]",
        "command_line_arguments": "D:\\Software\\Anaconda\\envs\\mlagents\\Scripts\\mlagents-learn config/amr_curriculum_config.yaml --run-id=AmrAgent1 --torch-device=cuda:0 --force",
        "mlagents_version": "1.0.0",
        "mlagents_envs_version": "1.0.0",
        "communication_protocol_version": "1.5.0",
        "pytorch_version": "2.2.2+cu121",
        "numpy_version": "1.23.1",
        "end_time_seconds": "1715683222"
    },
    "total": 1617.4578849000027,
    "count": 1,
    "self": 0.011267900001257658,
    "children": {
        "run_training.setup": {
            "total": 0.22116670000104932,
            "count": 1,
            "self": 0.22116670000104932
        },
        "TrainerController.start_learning": {
            "total": 1617.2254503000004,
            "count": 1,
            "self": 1.1678529992568656,
            "children": {
                "TrainerController._reset_env": {
                    "total": 26.29495890000544,
                    "count": 1,
                    "self": 26.29495890000544
                },
                "TrainerController.advance": {
                    "total": 1584.40602230074,
                    "count": 45178,
                    "self": 1.3464215008643805,
                    "children": {
                        "env_step": {
                            "total": 1098.2564001001956,
                            "count": 45178,
                            "self": 876.0598870002723,
                            "children": {
                                "SubprocessEnvManager._take_step": {
                                    "total": 221.64193169984355,