{
    "name": "root",
    "gauges": {
        "AmrAgent.Policy.Entropy.mean": {
            "value": 1.5245610475540161,
            "min": 1.5245610475540161,
            "max": 1.5877705812454224,
            "count": 2
        },
        "AmrAgent.Policy.Entropy.sum": {
            "value": 30137.5234375,
            "min": 30137.5234375,
            "max": 32720.77734375,
            "count": 2
        },
        "AmrAgent.Environment.LessonNumber.HospitalSize.mean": {
            "value": 0.0,
            "min": 0.0,
            "max": 0.0,
            "count": 2
        },
        "AmrAgent.Environment.LessonNumber.HospitalSize.sum": {
            "value": 0.0,
            "min": 0.0,
            "max": 0.0,
            "count": 2
        },
        "AmrAgent.Step.mean": {
            "value": 39992.0,
            "min": 19968.0,
            "max": 39992.0,
            "count": 2
        },
        "AmrAgent.Step.sum": {
            "value": 39992.0,
            "min": 19968.0,
            "max": 39992.0,
            "count": 2
        },
        "AmrAgent.Policy.ExtrinsicBaselineEstimate.mean": {
            "value": -0.00563652953132987,
            "min": -0.00563652953132987,
            "max": 0.026925066486001015,
            "count": 2
        },
        "AmrAgent.Policy.ExtrinsicBaselineEstimate.sum": {
            "value": -0.9187542796134949,
            "min": -0.9187542796134949,
            "max": 4.200310230255127,
            "count": 2
        },
        "AmrAgent.Policy.ExtrinsicValueEstimate.mean": {
            "value": -0.00563652953132987,
            "min": -0.00563652953132987,
            "max": 0.026925066486001015,
            "count": 2
        },
        "AmrAgent.Policy.ExtrinsicValueEstimate.sum": {
            "value": -0.9187542796134949,
            "min": -0.9187542796134949,
            "max": 4.200310230255127,
            "count": 2
        },
        "AmrAgent.Losses.PolicyLoss.mean": {
            "value": 0.0699575885648833,
            "min": 0.06762543973003994,
            "max": 0.0699575885648833,
            "count": 2
        },
        "AmrAgent.Losses.PolicyLoss.sum": {
            "value": 0.48970311995418303,
            "min": 0.47337807811027954,
            "max": 0.48970311995418303,
            "count": 2
        },
        "AmrAgent.Losses.ValueLoss.mean": {
            "value": 8.07980293126591e-07,
            "min": 8.07980293126591e-07,
            "max": 6.80334446426983e-06,
            "count": 2
        },
        "AmrAgent.Losses.ValueLoss.sum": {
            "value": 5.655862051886137e-06,
            "min": 5.655862051886137e-06,
            "max": 4.762341124988881e-05,
            "count": 2
        },
        "AmrAgent.Losses.BaselineLoss.mean": {
            "value": 8.079802951889374e-07,
            "min": 8.079802951889374e-07,
            "max": 6.803344465301004e-06,
            "count": 2
        },
        "AmrAgent.Losses.BaselineLoss.sum": {
            "value": 5.655862066322562e-06,
            "min": 5.655862066322562e-06,
            "max": 4.7623411257107024e-05,
            "count": 2
        },
        "AmrAgent.Policy.LearningRate.mean": {
            "value": 0.00029955636014788003,
            "min": 0.00029955636014788003,
            "max": 0.0002998387200537599,
            "count": 2
        },
        "AmrAgent.Policy.LearningRate.sum": {
            "value": 0.00209689452103516,
            "min": 0.00209689452103516,
            "max": 0.0020988710403763195,
            "count": 2
        },
        "AmrAgent.Policy.Epsilon.mean": {
            "value": 0.1998521200000001,
            "min": 0.1998521200000001,
            "max": 0.19994624,
            "count": 2
        },
        "AmrAgent.Policy.Epsilon.sum": {
            "value": 1.3989648400000008,
            "min": 1.3989648400000008,
            "max": 1.39962368,
            "count": 2
        },
        "AmrAgent.Policy.Beta.mean": {
            "value": 0.004992620788000001,
            "min": 0.004992620788000001,
            "max": 0.0049973173760000005,
            "count": 2
        },
        "AmrAgent.Policy.Beta.sum": {
            "value": 0.034948345516000005,
            "min": 0.034948345516000005,
            "max": 0.034981221632,
            "count": 2
        },
        "AmrAgent.IsTraining.mean": {
            "value": 1.0,
            "min": 1.0,
            "max": 1.0,
            "count": 2
        },
        "AmrAgent.IsTraining.sum": {
            "value": 1.0,
            "min": 1.0,
            "max": 1.0,
            "count": 2
        },
        "AmrAgent.Environment.EpisodeLength.mean": {
            "value": 4999.0,
            "min": 4999.0,
            "max": 4999.0,
            "count": 1
        },
        "AmrAgent.Environment.EpisodeLength.sum": {
            "value": 34993.0,
            "min": 34993.0,
            "max": 34993.0,
            "count": 1
        },
        "AmrAgent.Environment.CumulativeReward.mean": {
            "value": -0.9999597568530589,
            "min": -0.9999597568530589,
            "max": -0.9999597568530589,
            "count": 1
        },
        "AmrAgent.Environment.CumulativeReward.sum": {
            "value": -6.9997182979714125,
            "min": -6.9997182979714125,
            "max": -6.9997182979714125,
            "count": 1
        },
        "AmrAgent.Policy.ExtrinsicReward.mean": {
            "value": -0.9999597568530589,
            "min": -0.9999597568530589,
            "max": -0.9999597568530589,
            "count": 1
        },
        "AmrAgent.Policy.ExtrinsicReward.sum": {
            "value": -6.9997182979714125,
            "min": -6.9997182979714125,
            "max": -6.9997182979714125,
            "count": 1
        },
        "AmrAgent.Environment.GroupCumulativeReward.mean": {
            "value": 0.0,
            "min": 0.0,
            "max": 0.0,
            "count": 1
        },
        "AmrAgent.Environment.GroupCumulativeReward.sum": {
            "value": 0.0,
            "min": 0.0,
            "max": 0.0,
            "count": 1
        }
    },
    "metadata": {
        "timer_format_version": "0.1.0",
        "start_time_seconds": "1715635169",
        "python_version": "3.10.12 | packaged by Anaconda, Inc. | (main, Jul  5 2023, 19:01:18) [MSC v.1916 64 bit (AMD64)]",
        "command_line_arguments": "D:\\Software\\Anaconda\\envs\\mlagents\\Scripts\\mlagents-learn config/amr_curriculum_config.yaml --run-id=AmrAgent1 --torch-device=cuda:0 --force",
        "mlagents_version": "1.0.0",
        "mlagents_envs_version": "1.0.0",
        "communication_protocol_version": "1.5.0",
        "pytorch_version": "2.2.2+cu121",
        "numpy_version": "1.23.1",
        "end_time_seconds": "1715635691"
    },
    "total": 522.3354661000001,
    "count": 1,
    "self": 0.06644040000014684,
    "children": {
        "run_training.setup": {
            "total": 0.38022799999998824,
            "count": 1,
            "self": 0.38022799999998824
        },
        "TrainerController.start_learning": {
            "total": 521.8887976999999,
            "count": 1,
            "self": 0.17819629999235076,
            "children": {
                "TrainerController._reset_env": {
                    "total": 37.279151300000194,
                    "count": 1,
                    "self": 37.279151300000194
                },
                "TrainerController.advance": {
                    "total": 482.30772680000723,
                    "count": 6178,
                    "self": 0.22624080001082802,
                    "children": {
                        "env_step": {
                            "total": 417.10894830000075,
                            "count": 6178,
                            "self": 372.37795539999615,