{
    "name": "root",
    "metadata": {
        "timer_format_version": "0.1.0",
        "start_time_seconds": "1715893012",
        "python_version": "3.10.12 | packaged by Anaconda, Inc. | (main, Jul  5 2023, 19:01:18) [MSC v.1916 64 bit (AMD64)]",
        "command_line_arguments": "D:\\Software\\Anaconda\\envs\\mlagents\\Scripts\\mlagents-learn config/amr_curriculum_config.yaml --run-id=AmrAgent4 --torch-device=cuda:0",
        "mlagents_version": "1.0.0",
        "mlagents_envs_version": "1.0.0",
        "communication_protocol_version": "1.5.0",
        "pytorch_version": "2.2.2+cu121",
        "numpy_version": "1.23.1",
        "end_time_seconds": "1715893181"
    },
    "total": 169.2747872,
    "count": 1,
    "self": 0.010802000000239786,
    "children": {
        "run_training.setup": {
            "total": 0.8054295999997976,
            "count": 1,
            "self": 0.8054295999997976
        },
        "TrainerController.start_learning": {
            "total": 168.45855559999995,
            "count": 1,
            "self": 0.012857599997914804,
            "children": {
                "TrainerController._reset_env": {
                    "total": 38.77464869999994,
                    "count": 1,
                    "self": 38.77464869999994
                },
                "TrainerController.advance": {
                    "total": 127.01209450000238,
                    "count": 414,
                    "self": 0.015389900003583534,
                    "children": {
                        "env_step": {
                            "total": 103.75038219999738,
                            "count": 414,
                            "self": 92.59980740000151,
                            "children": {
                                "SubprocessEnvManager._take_step": {
                                    "total": 11.14471609999714,
                                    "count": 414,
                                    "self": 0.03350089999685224,
                                    "children": {
                                        "TorchPolicy.evaluate": {
                                            "total": 11.111215200000288,
                                            "count": 414,
                                            "self": 11.111215200000288
                                        }
                                    }
                                },
                                "workers": {
                                    "total": 0.0058586999987255695,
                                    "count": 413,
                                    "self": 0.0,
                                    "children": {
                                        "worker_root": {
                                            "total": 93.29576129999987,
                                            "count": 413,
                                            "is_parallel": true,
                                            "self": 57.239076300001216,
                                            "children": {
                                                "steps_from_proto": {
                                                    "total": 0.1363698000000113,
                                                    "count": 1,
                                                    "is_parallel": true,
                                                    "self": 0.0014779999996790139,
                                                    "children": {
                                                        "_process_rank_one_or_two_observation": {
                                                            "total": 0.1348918000003323,
                                                            "count": 6,
                                                            "is_parallel": true,
                                                            "self": 0.1348918000003323
                                                        }
                                                    }
                                                },
                                                "UnityEnvironment.step": {
                                                    "total": 35.92031519999864,
                                                    "count": 413,
                                                    "is_parallel": true,
                                                    "self": 0.14436189999673843,
                                                    "children": {
                                                        "UnityEnvironment._generate_step_input": {
                                                            "total": 0.15152320000174768,
                                                            "count": 413,
                                                            "is_parallel": true,
                                                            "self": 0.15152320000174768
                                                        },
                                                        "communicator.exchange": {
                                                            "total": 35.27153460000113,
                                                            "count": 413,
                                                            "is_parallel": true,
                                                            "self": 35.27153460000113
                                                        },
                                                        "steps_from_proto": {
                                                            "total": 0.3528954999990219,
                                                            "count": 413,
                                                            "is_parallel": true,
                                                            "self": 0.09396029999879829,
                                                            "children": {
                                                                "_process_rank_one_or_two_observation": {
                                                                    "total": 0.25893520000022363,
                                                                    "count": 2478,
                                                                    "is_parallel": true,
                                                                    "self": 0.25893520000022363
                                                                }
                                                            }
                                                        }
                                                    }
                                                }
                                            }
                                        }
                                    }
                                }
                            }
                        },
                        "trainer_advance": {
                            "total": 23.246322400001418,
                            "count": 413,
                            "self": 0.011453300004859557,
                            "children": {
                                "process_trajectory": {
                                    "total": 5.284105999996427,
                                    "count": 413,
                                    "self": 5.284105999996427
                                },
                                "_update_policy": {
                                    "total": 17.95076310000013,
                                    "count": 3,
                                    "self": 1.5636821999978565,
                                    "children": {
                                        "TorchPOCAOptimizer.update": {
                                            "total": 16.387080900002275,
                                            "count": 243,