{
    "name": "root",
    "metadata": {
        "timer_format_version": "0.1.0",
        "start_time_seconds": "1715980996",
        "python_version": "3.10.12 | packaged by Anaconda, Inc. | (main, Jul  5 2023, 19:01:18) [MSC v.1916 64 bit (AMD64)]",
        "command_line_arguments": "D:\\Software\\Anaconda\\envs\\mlagents\\Scripts\\mlagents-learn config/amr_curriculum_config.yaml --run-id=AmrAgent4 --torch-device=cuda:0 --resume",
        "mlagents_version": "1.0.0",
        "mlagents_envs_version": "1.0.0",
        "communication_protocol_version": "1.5.0",
        "pytorch_version": "2.2.2+cu121",
        "numpy_version": "1.23.1",
        "end_time_seconds": "1715981083"
    },
    "total": 86.51985490000516,
    "count": 1,
    "self": 0.052006399986566976,
    "children": {
        "run_training.setup": {
            "total": 0.3072826000134228,
            "count": 1,
            "self": 0.3072826000134228
        },
        "TrainerController.start_learning": {
            "total": 86.16056590000517,
            "count": 1,
            "self": 0.019027700196602382,
            "children": {
                "TrainerController._reset_env": {
                    "total": 60.00542180000048,
                    "count": 1,
                    "self": 60.00542180000048
                },
                "TrainerController.advance": {
                    "total": 23.45469829981448,
                    "count": 230,
                    "self": 0.022002599827828817,
                    "children": {
                        "env_step": {
                            "total": 20.382974300024216,
                            "count": 230,
                            "self": 12.51072579981701,
                            "children": {
                                "SubprocessEnvManager._take_step": {
                                    "total": 7.864216400063015,
                                    "count": 230,
                                    "self": 0.04291460015519988,
                                    "children": {
                                        "TorchPolicy.evaluate": {
                                            "total": 7.821301799907815,
                                            "count": 230,
                                            "self": 7.821301799907815
                                        }
                                    }
                                },
                                "workers": {
                                    "total": 0.008032100144191645,
                                    "count": 229,
                                    "self": 0.0,
                                    "children": {
                                        "worker_root": {
                                            "total": 50.08989020007721,
                                            "count": 229,
                                            "is_parallel": true,
                                            "self": 38.45439899996563,
                                            "children": {
                                                "steps_from_proto": {
                                                    "total": 0.06036249999306165,
                                                    "count": 1,
                                                    "is_parallel": true,
                                                    "self": 0.003102599977864884,
                                                    "children": {
                                                        "_process_rank_one_or_two_observation": {
                                                            "total": 0.05725990001519676,
                                                            "count": 6,
                                                            "is_parallel": true,
                                                            "self": 0.05725990001519676
                                                        }
                                                    }
                                                },
                                                "UnityEnvironment.step": {
                                                    "total": 11.575128700118512,
                                                    "count": 229,
                                                    "is_parallel": true,
                                                    "self": 0.11247590037237387,
                                                    "children": {
                                                        "UnityEnvironment._generate_step_input": {
                                                            "total": 0.1623231997800758,
                                                            "count": 229,
                                                            "is_parallel": true,
                                                            "self": 0.1623231997800758
                                                        },
                                                        "communicator.exchange": {
                                                            "total": 10.963744799999404,
                                                            "count": 229,
                                                            "is_parallel": true,
                                                            "self": 10.963744799999404
                                                        },
                                                        "steps_from_proto": {
                                                            "total": 0.33658479996665847,
                                                            "count": 229,
                                                            "is_parallel": true,
                                                            "self": 0.1259408997866558,
                                                            "children": {
                                                                "_process_rank_one_or_two_observation": {
                                                                    "total": 0.21064390018000267,
                                                                    "count": 1374,
                                                                    "is_parallel": true,
                                                                    "self": 0.21064390018000267
                                                                }
                                                            }
                                                        }
                                                    }
                                                }
                                            }
                                        }
                                    }
                                }
                            }
                        },
                        "trainer_advance": {
                            "total": 3.0497213999624364,
                            "count": 229,
                            "self": 0.012895999840111472,
                            "children": {
                                "process_trajectory": {
                                    "total": 3.036825400122325,
                                    "count": 229,
                                    "self": 3.036825400122325
                                }
                            }
                        }
                    }
                },
                "trainer_threads": {
                    "total": 3.7999998312443495e-06,
                    "count": 1,
                    "self": 3.7999998312443495e-06
                },
                "TrainerController._save_models": {
                    "total": 2.681414299993776,
                    "count": 1,
                    "self": 0.00925699999788776,