{
    "name": "root",
    "gauges": {
        "AmrAgent.Policy.Entropy.mean": {
            "value": 0.1333170086145401,
            "min": 0.1333170086145401,
            "max": 0.1333170086145401,
            "count": 1
        },
        "AmrAgent.Policy.Entropy.sum": {
            "value": 1228.6495361328125,
            "min": 1228.6495361328125,
            "max": 1228.6495361328125,
            "count": 1
        },
        "AmrAgent.Environment.LessonNumber.HospitalSize.mean": {
            "value": 0.0,
            "min": 0.0,
            "max": 0.0,
            "count": 1
        },
        "AmrAgent.Environment.LessonNumber.HospitalSize.sum": {
            "value": 0.0,
            "min": 0.0,
            "max": 0.0,
            "count": 1
        },
        "AmrAgent.Step.mean": {
            "value": 1999983.0,
            "min": 1999983.0,
            "max": 1999983.0,
            "count": 1
        },
        "AmrAgent.Step.sum": {
            "value": 1999983.0,
            "min": 1999983.0,
            "max": 1999983.0,
            "count": 1
        },
        "AmrAgent.Policy.ExtrinsicBaselineEstimate.mean": {
            "value": -5.099596091895364e-05,
            "min": -5.099596091895364e-05,
            "max": -5.099596091895364e-05,
            "count": 1
        },
        "AmrAgent.Policy.ExtrinsicBaselineEstimate.sum": {
            "value": -0.003365733427926898,
            "min": -0.003365733427926898,
            "max": -0.003365733427926898,
            "count": 1
        },
        "AmrAgent.Policy.ExtrinsicValueEstimate.mean": {
            "value": -5.099596091895364e-05,
            "min": -5.099596091895364e-05,
            "max": -5.099596091895364e-05,
            "count": 1
        },
        "AmrAgent.Policy.ExtrinsicValueEstimate.sum": {
            "value": -0.003365733427926898,
            "min": -0.003365733427926898,
            "max": -0.003365733427926898,
            "count": 1
        },
        "AmrAgent.Losses.PolicyLoss.mean": {
            "value": 0.06945318870683327,
            "min": 0.06945318870683327,
            "max": 0.06945318870683327,
            "count": 1
        },
        "AmrAgent.Losses.PolicyLoss.sum": {
            "value": 0.20835956612049983,
            "min": 0.20835956612049983,
            "max": 0.20835956612049983,
            "count": 1
        },
        "AmrAgent.Losses.ValueLoss.mean": {
            "value": 3.694065559007628e-09,
            "min": 3.694065559007628e-09,
            "max": 3.694065559007628e-09,
            "count": 1
        },
        "AmrAgent.Losses.ValueLoss.sum": {
            "value": 1.1082196677022884e-08,
            "min": 1.1082196677022884e-08,
            "max": 1.1082196677022884e-08,
            "count": 1
        },
        "AmrAgent.Losses.BaselineLoss.mean": {
            "value": 3.694065559007628e-09,
            "min": 3.694065559007628e-09,
            "max": 3.694065559007628e-09,
            "count": 1
        },
        "AmrAgent.Losses.BaselineLoss.sum": {
            "value": 1.1082196677022884e-08,
            "min": 1.1082196677022884e-08,
            "max": 1.1082196677022884e-08,
            "count": 1
        },
        "AmrAgent.Policy.LearningRate.mean": {
            "value": 0.00028157407075736306,
            "min": 0.00028157407075736306,
            "max": 0.00028157407075736306,
            "count": 1
        },
        "AmrAgent.Policy.LearningRate.sum": {
            "value": 0.0008447222122720892,
            "min": 0.0008447222122720892,
            "max": 0.0008447222122720892,
            "count": 1
        },
        "AmrAgent.Policy.Epsilon.mean": {
            "value": 0.19385802153846154,
            "min": 0.19385802153846154,
            "max": 0.19385802153846154,
            "count": 1
        },
        "AmrAgent.Policy.Epsilon.sum": {
            "value": 0.5815740646153846,
            "min": 0.5815740646153846,
            "max": 0.5815740646153846,
            "count": 1
        },
        "AmrAgent.Policy.Beta.mean": {
            "value": 0.004693515274769231,
            "min": 0.004693515274769231,
            "max": 0.004693515274769231,
            "count": 1
        },
        "AmrAgent.Policy.Beta.sum": {
            "value": 0.014080545824307693,
            "min": 0.014080545824307693,
            "max": 0.014080545824307693,
            "count": 1
        },
        "AmrAgent.IsTraining.mean": {
            "value": 1.0,
            "min": 1.0,
            "max": 1.0,
            "count": 1
        },
        "AmrAgent.IsTraining.sum": {
            "value": 1.0,
            "min": 1.0,
            "max": 1.0,
            "count": 1
        }
    },
    "metadata": {
        "timer_format_version": "0.1.0",
        "start_time_seconds": "1715854329",
        "python_version": "3.10.12 | packaged by Anaconda, Inc. | (main, Jul  5 2023, 19:01:18) [MSC v.1916 64 bit (AMD64)]",
        "command_line_arguments": "D:\\Software\\Anaconda\\envs\\mlagents\\Scripts\\mlagents-learn config/amr_curriculum_config.yaml --run-id=AmrAgent2 --torch-device=cuda:0 --resume",
        "mlagents_version": "1.0.0",
        "mlagents_envs_version": "1.0.0",
        "communication_protocol_version": "1.5.0",
        "pytorch_version": "2.2.2+cu121",
        "numpy_version": "1.23.1",
        "end_time_seconds": "1715854501"
    },
    "total": 171.68344250001246,
    "count": 1,
    "self": 0.034757900022668764,
    "children": {
        "run_training.setup": {
            "total": 1.1791343999793753,
            "count": 1,
            "self": 1.1791343999793753
        },
        "TrainerController.start_learning": {
            "total": 170.46955020001042,
            "count": 1,
            "self": 0.10662439998122863,
            "children": {
                "TrainerController._reset_env": {
                    "total": 31.981115300004603,
                    "count": 1,
                    "self": 31.981115300004603
                },
                "TrainerController.advance": {
                    "total": 137.55338500000653,
                    "count": 1536,
                    "self": 0.13475759990978986,
                    "children": {
                        "env_step": {
                            "total": 88.01961079973262,
                            "count": 1536,
                            "self": 61.349814098735806,
                            "children": {
                                "SubprocessEnvManager._take_step": {
                                    "total": 26.61979560056352,
                                    "count": 1536,
                                    "self": 0.25784810120239854,
                                    "children": {
                                        "TorchPolicy.evaluate": {
                                            "total": 26.361947499361122,
                                            "count": 1536,
                                            "self": 26.361947499361122
                                        }
                                    }
                                },
                                "workers": {
                                    "total": 0.05000110043329187,
                                    "count": 1535,
                                    "self": 0.0,
                                    "children": {
                                        "worker_root": {
                                            "total": 155.1373740003619,
                                            "count": 1535,
                                            "is_parallel": true,
                                            "self": 99.57785370052443,
                                            "children": {
                                                "steps_from_proto": {
                                                    "total": 0.04737620000378229,
                                                    "count": 1,